{
  "execution_id": "1775653170648_tpnvc6pca",
  "algorithm_name": "SVM & EBM-SVM",
  "file_id": "uploaded_data",
  "timestamp": "2026-04-08T19:59:30.673575",
  "parameters": {
    "algorithm": "both"
  },
  "results": {
    "svm": {
      "accuracy": 0.95,
      "report": {
        "0": {
          "precision": 0.9245283018867925,
          "recall": 0.98,
          "f1-score": 0.9514563106796116,
          "support": 50
        },
        "1": {
          "precision": 0.9787234042553191,
          "recall": 0.92,
          "f1-score": 0.9484536082474226,
          "support": 50
        },
        "accuracy": 0.95,
        "macro avg": {
          "precision": 0.9516258530710557,
          "recall": 0.95,
          "f1-score": 0.949954959463517,
          "support": 100
        },
        "weighted avg": {
          "precision": 0.9516258530710558,
          "recall": 0.95,
          "f1-score": 0.949954959463517,
          "support": 100
        }
      },
      "confusion_matrix": [
        [
          49,
          1
        ],
        [
          4,
          46
        ]
      ]
    },
    "ebm": {
      "accuracy": 0.92,
      "report": {
        "0": {
          "precision": 0.875,
          "recall": 0.98,
          "f1-score": 0.9245283018867924,
          "support": 50
        },
        "1": {
          "precision": 0.9772727272727273,
          "recall": 0.86,
          "f1-score": 0.9148936170212766,
          "support": 50
        },
        "accuracy": 0.92,
        "macro avg": {
          "precision": 0.9261363636363636,
          "recall": 0.9199999999999999,
          "f1-score": 0.9197109594540345,
          "support": 100
        },
        "weighted avg": {
          "precision": 0.9261363636363638,
          "recall": 0.92,
          "f1-score": 0.9197109594540345,
          "support": 100
        }
      },
      "confusion_matrix": [
        [
          49,
          1
        ],
        [
          7,
          43
        ]
      ]
    }
  },
  "analysis": {
    "accuracy_score": 0.0,
    "best_metric": "accuracy",
    "worst_metric": "accuracy",
    "key_findings": [
      "M\u00f4 h\u00ecnh ho\u1ea1t \u0111\u1ed9ng k\u00e9m; khuy\u1ebfn ngh\u1ecb t\u1ed1i \u01b0u h\u00f3a \u0111\u1eb7c tr\u01b0ng"
    ],
    "recommendations": [
      "C\u00e2n nh\u1eafc thu th\u1eadp th\u00eam d\u1eef li\u1ec7u hu\u1ea5n luy\u1ec7n \u0111\u1ec3 d\u1ea1y m\u00f4 h\u00ecnh",
      "Th\u1eed m\u1ed9t s\u1ed1 ph\u01b0\u01a1ng ph\u00e1p l\u1ecdc \u0111\u1eb7c tr\u01b0ng (Feature Selection)",
      "Th\u1eed nghi\u1ec7m v\u1edbi c\u00e1c si\u00eau tham s\u1ed1 (Hyperparameters) kh\u00e1c nhau"
    ],
    "comparison": null
  },
  "execution_time": 86.702,
  "status": "success"
}