{
  "execution_id": "1775651821390_i182duh64",
  "algorithm_name": "SVM & EBM-SVM",
  "file_id": "uploaded_data",
  "timestamp": "2026-04-08T19:37:01.391613",
  "parameters": {
    "algorithm": "both"
  },
  "results": {
    "svm": {
      "accuracy": 0.975,
      "report": {
        "0": {
          "precision": 0.9464285714285714,
          "recall": 1,
          "f1-score": 0.9724770642201834,
          "support": 53
        },
        "1": {
          "precision": 0.9811320754716981,
          "recall": 0.9811320754716981,
          "f1-score": 0.9811320754716981,
          "support": 53
        },
        "2": {
          "precision": 1,
          "recall": 0.9444444444444444,
          "f1-score": 0.9714285714285714,
          "support": 54
        },
        "accuracy": 0.975,
        "macro avg": {
          "precision": 0.9758535489667565,
          "recall": 0.9751921733053809,
          "f1-score": 0.9750125703734843,
          "support": 160
        },
        "weighted avg": {
          "precision": 0.9760044642857142,
          "recall": 0.975,
          "f1-score": 0.9749901703800786,
          "support": 160
        }
      },
      "confusion_matrix": [
        [
          53,
          0,
          0
        ],
        [
          1,
          52,
          0
        ],
        [
          2,
          1,
          51
        ]
      ]
    },
    "ebm": {
      "accuracy": 0.45625,
      "report": {
        "0": {
          "precision": 0.45454545454545453,
          "recall": 0.2830188679245283,
          "f1-score": 0.3488372093023256,
          "support": 53
        },
        "1": {
          "precision": 0.42857142857142855,
          "recall": 0.5660377358490566,
          "f1-score": 0.4878048780487805,
          "support": 53
        },
        "2": {
          "precision": 0.49122807017543857,
          "recall": 0.5185185185185185,
          "f1-score": 0.5045045045045046,
          "support": 54
        },
        "accuracy": 0.45625,
        "macro avg": {
          "precision": 0.4581149844307739,
          "recall": 0.45585837409736785,
          "f1-score": 0.44704886395187016,
          "support": 160
        },
        "weighted avg": {
          "precision": 0.458321941216678,
          "recall": 0.45625,
          "f1-score": 0.4474079617053241,
          "support": 160
        }
      },
      "confusion_matrix": [
        [
          15,
          22,
          16
        ],
        [
          10,
          30,
          13
        ],
        [
          8,
          18,
          28
        ]
      ]
    }
  },
  "analysis": {
    "accuracy_score": 0.0,
    "best_metric": "accuracy",
    "worst_metric": "accuracy",
    "key_findings": [
      "M\u00f4 h\u00ecnh ho\u1ea1t \u0111\u1ed9ng k\u00e9m; khuy\u1ebfn ngh\u1ecb t\u1ed1i \u01b0u h\u00f3a \u0111\u1eb7c tr\u01b0ng"
    ],
    "recommendations": [
      "C\u00e2n nh\u1eafc thu th\u1eadp th\u00eam d\u1eef li\u1ec7u hu\u1ea5n luy\u1ec7n \u0111\u1ec3 d\u1ea1y m\u00f4 h\u00ecnh",
      "Th\u1eed m\u1ed9t s\u1ed1 ph\u01b0\u01a1ng ph\u00e1p l\u1ecdc \u0111\u1eb7c tr\u01b0ng (Feature Selection)",
      "Th\u1eed nghi\u1ec7m v\u1edbi c\u00e1c si\u00eau tham s\u1ed1 (Hyperparameters) kh\u00e1c nhau"
    ],
    "comparison": null
  },
  "execution_time": 3.546,
  "status": "success"
}