{
  "training_id": "20260408_193647",
  "timestamp": "2026-04-08T19:36:47.955117",
  "input_dim": 13,
  "n_classes": 3,
  "n_samples": 178,
  "n_train": 142,
  "n_test": 36,
  "ebm_config": {
    "epochs": 200,
    "learning_rate": 0.0005,
    "hidden_dim": 256,
    "embedding_dim": 64,
    "noise_scale": 0.5
  },
  "svm_config": {
    "kernel": "rbf",
    "C": 1.0
  },
  "svm_accuracy_original": 0.9722222222222222,
  "svm_accuracy_embeddings": 0.7222222222222222,
  "training_time_seconds": 0.83568
}