{
  "training_id": "20260508_162529",
  "timestamp": "2026-05-08T16:25:29.275558",
  "input_dim": 14,
  "n_classes": 2,
  "n_samples": 32561,
  "n_train": 26048,
  "n_test": 6513,
  "ebm_config": {
    "epochs": 3000,
    "learning_rate": 0.0001,
    "hidden_dim": 512,
    "embedding_dim": 64,
    "noise_scale": 2.0
  },
  "svm_config": {
    "kernel": "rbf",
    "C": 1.0
  },
  "svm_accuracy_original": 0.8561338860740059,
  "svm_accuracy_embeddings": 0.8478427759864886,
  "training_time_seconds": 1206.132721
}