{
  "training_id": "20260519_114038",
  "timestamp": "2026-05-19T11:40:38.814307",
  "input_dim": 31,
  "n_classes": 2,
  "n_samples": 569,
  "n_train": 455,
  "n_test": 114,
  "ebm_config": {
    "epochs": 3000,
    "learning_rate": 0.0001,
    "hidden_dim": 512,
    "embedding_dim": 64,
    "noise_scale": 2.0
  },
  "svm_config": {
    "kernel": "rbf",
    "C": 1.0
  },
  "svm_accuracy_original": 0.9649122807017544,
  "svm_accuracy_embeddings": 0.956140350877193,
  "training_time_seconds": 45.72371
}