{
  "execution_id": "1779171983607_868xy5bj2",
  "algorithm_name": "SVM & EBM-SVM",
  "file_id": "uploaded_data",
  "timestamp": "2026-05-19T14:39:46.414894",
  "parameters": {
    "algorithm": "both"
  },
  "results": {
    "svm": {
      "accuracy": 0.8561338860740059,
      "report": {
        "<=50K": {
          "precision": 0.87471952131638,
          "recall": 0.9460060667340748,
          "f1-score": 0.9089672593024386,
          "support": 4945
        },
        ">50K": {
          "precision": 0.7708154506437769,
          "recall": 0.5727040816326531,
          "f1-score": 0.6571533113794366,
          "support": 1568
        },
        "accuracy": 0.8561338860740059,
        "macro avg": {
          "precision": 0.8227674859800784,
          "recall": 0.7593550741833639,
          "f1-score": 0.7830602853409376,
          "support": 6513
        },
        "weighted avg": {
          "precision": 0.8497046920802919,
          "recall": 0.8561338860740059,
          "f1-score": 0.8483432349905597,
          "support": 6513
        }
      },
      "confusion_matrix": [
        [
          4678,
          267
        ],
        [
          670,
          898
        ]
      ]
    },
    "ebm": {
      "accuracy": 0.8483033932135728,
      "report": {
        "<=50K": {
          "precision": 0.8592700199745779,
          "recall": 0.9569261880687563,
          "f1-score": 0.9054726368159204,
          "support": 4945
        },
        ">50K": {
          "precision": 0.7882703777335984,
          "recall": 0.5057397959183674,
          "f1-score": 0.6161616161616161,
          "support": 1568
        },
        "accuracy": 0.8483033932135728,
        "macro avg": {
          "precision": 0.8237701988540882,
          "recall": 0.7313329919935618,
          "f1-score": 0.7608171264887682,
          "support": 6513
        },
        "weighted avg": {
          "precision": 0.8421769078858545,
          "recall": 0.8483033932135728,
          "f1-score": 0.8358212195909935,
          "support": 6513
        }
      },
      "confusion_matrix": [
        [
          4732,
          213
        ],
        [
          775,
          793
        ]
      ]
    }
  },
  "analysis": {
    "accuracy_score": 0.0,
    "best_metric": "accuracy",
    "worst_metric": "accuracy",
    "key_findings": [
      "M\u00f4 h\u00ecnh ho\u1ea1t \u0111\u1ed9ng k\u00e9m; khuy\u1ebfn ngh\u1ecb t\u1ed1i \u01b0u h\u00f3a \u0111\u1eb7c tr\u01b0ng"
    ],
    "recommendations": [
      "C\u00e2n nh\u1eafc thu th\u1eadp th\u00eam d\u1eef li\u1ec7u hu\u1ea5n luy\u1ec7n \u0111\u1ec3 d\u1ea1y m\u00f4 h\u00ecnh",
      "Th\u1eed m\u1ed9t s\u1ed1 ph\u01b0\u01a1ng ph\u00e1p l\u1ecdc \u0111\u1eb7c tr\u01b0ng (Feature Selection)",
      "Th\u1eed nghi\u1ec7m v\u1edbi c\u00e1c si\u00eau tham s\u1ed1 (Hyperparameters) kh\u00e1c nhau"
    ],
    "comparison": null
  },
  "execution_time": 3978.921,
  "status": "success"
}