{
  "execution_id": "1779106460819_sphrrckeb",
  "algorithm_name": "SVM & EBM-SVM",
  "file_id": "uploaded_data",
  "timestamp": "2026-05-18T19:14:21.616362",
  "parameters": {
    "algorithm": "both"
  },
  "results": {
    "svm": {
      "accuracy": 0.8561338860740059,
      "report": {
        "<=50K": {
          "precision": 0.87471952131638,
          "recall": 0.9460060667340748,
          "f1-score": 0.9089672593024386,
          "support": 4945
        },
        ">50K": {
          "precision": 0.7708154506437769,
          "recall": 0.5727040816326531,
          "f1-score": 0.6571533113794366,
          "support": 1568
        },
        "accuracy": 0.8561338860740059,
        "macro avg": {
          "precision": 0.8227674859800784,
          "recall": 0.7593550741833639,
          "f1-score": 0.7830602853409376,
          "support": 6513
        },
        "weighted avg": {
          "precision": 0.8497046920802919,
          "recall": 0.8561338860740059,
          "f1-score": 0.8483432349905597,
          "support": 6513
        }
      },
      "confusion_matrix": [
        [
          4678,
          267
        ],
        [
          670,
          898
        ]
      ]
    },
    "ebm": {
      "accuracy": 0.8492246276677414,
      "report": {
        "<=50K": {
          "precision": 0.8609947167061396,
          "recall": 0.9557128412537917,
          "f1-score": 0.9058846080122676,
          "support": 4945
        },
        ">50K": {
          "precision": 0.7861328125,
          "recall": 0.5133928571428571,
          "f1-score": 0.621141975308642,
          "support": 1568
        },
        "accuracy": 0.8492246276677414,
        "macro avg": {
          "precision": 0.8235637646030698,
          "recall": 0.7345528491983244,
          "f1-score": 0.7635132916604548,
          "support": 6513
        },
        "weighted avg": {
          "precision": 0.8429717678660925,
          "recall": 0.8492246276677414,
          "f1-score": 0.8373330268546927,
          "support": 6513
        }
      },
      "confusion_matrix": [
        [
          4726,
          219
        ],
        [
          763,
          805
        ]
      ]
    }
  },
  "analysis": {
    "accuracy_score": 0.0,
    "best_metric": "accuracy",
    "worst_metric": "accuracy",
    "key_findings": [
      "M\u00f4 h\u00ecnh ho\u1ea1t \u0111\u1ed9ng k\u00e9m; khuy\u1ebfn ngh\u1ecb t\u1ed1i \u01b0u h\u00f3a \u0111\u1eb7c tr\u01b0ng"
    ],
    "recommendations": [
      "C\u00e2n nh\u1eafc thu th\u1eadp th\u00eam d\u1eef li\u1ec7u hu\u1ea5n luy\u1ec7n \u0111\u1ec3 d\u1ea1y m\u00f4 h\u00ecnh",
      "Th\u1eed m\u1ed9t s\u1ed1 ph\u01b0\u01a1ng ph\u00e1p l\u1ecdc \u0111\u1eb7c tr\u01b0ng (Feature Selection)",
      "Th\u1eed nghi\u1ec7m v\u1edbi c\u00e1c si\u00eau tham s\u1ed1 (Hyperparameters) kh\u00e1c nhau"
    ],
    "comparison": null
  },
  "execution_time": 2020.38,
  "status": "success"
}