{
  "execution_id": "1779165727860_4wbsz68ta",
  "algorithm_name": "SVM & EBM-SVM",
  "file_id": "uploaded_data",
  "timestamp": "2026-05-19T11:42:07.904553",
  "parameters": {
    "algorithm": "both"
  },
  "results": {
    "svm": {
      "accuracy": 0.9649122807017544,
      "report": {
        "B": {
          "precision": 0.9594594594594594,
          "recall": 0.9861111111111112,
          "f1-score": 0.9726027397260274,
          "support": 72
        },
        "M": {
          "precision": 0.975,
          "recall": 0.9285714285714286,
          "f1-score": 0.9512195121951219,
          "support": 42
        },
        "accuracy": 0.9649122807017544,
        "macro avg": {
          "precision": 0.9672297297297296,
          "recall": 0.9573412698412699,
          "f1-score": 0.9619111259605746,
          "support": 114
        },
        "weighted avg": {
          "precision": 0.9651849217638692,
          "recall": 0.9649122807017544,
          "f1-score": 0.9647247085304307,
          "support": 114
        }
      },
      "confusion_matrix": [
        [
          71,
          1
        ],
        [
          3,
          39
        ]
      ]
    },
    "ebm": {
      "accuracy": 0.956140350877193,
      "report": {
        "B": {
          "precision": 0.9466666666666667,
          "recall": 0.9861111111111112,
          "f1-score": 0.9659863945578231,
          "support": 72
        },
        "M": {
          "precision": 0.9743589743589743,
          "recall": 0.9047619047619048,
          "f1-score": 0.9382716049382716,
          "support": 42
        },
        "accuracy": 0.956140350877193,
        "macro avg": {
          "precision": 0.9605128205128205,
          "recall": 0.9454365079365079,
          "f1-score": 0.9521289997480473,
          "support": 114
        },
        "weighted avg": {
          "precision": 0.9568690958164642,
          "recall": 0.956140350877193,
          "f1-score": 0.9557756825927252,
          "support": 114
        }
      },
      "confusion_matrix": [
        [
          71,
          1
        ],
        [
          4,
          38
        ]
      ]
    }
  },
  "analysis": {
    "accuracy_score": 0.0,
    "best_metric": "accuracy",
    "worst_metric": "accuracy",
    "key_findings": [
      "M\u00f4 h\u00ecnh ho\u1ea1t \u0111\u1ed9ng k\u00e9m; khuy\u1ebfn ngh\u1ecb t\u1ed1i \u01b0u h\u00f3a \u0111\u1eb7c tr\u01b0ng"
    ],
    "recommendations": [
      "C\u00e2n nh\u1eafc thu th\u1eadp th\u00eam d\u1eef li\u1ec7u hu\u1ea5n luy\u1ec7n \u0111\u1ec3 d\u1ea1y m\u00f4 h\u00ecnh",
      "Th\u1eed m\u1ed9t s\u1ed1 ph\u01b0\u01a1ng ph\u00e1p l\u1ecdc \u0111\u1eb7c tr\u01b0ng (Feature Selection)",
      "Th\u1eed nghi\u1ec7m v\u1edbi c\u00e1c si\u00eau tham s\u1ed1 (Hyperparameters) kh\u00e1c nhau"
    ],
    "comparison": null
  },
  "execution_time": 89.051,
  "status": "success"
}